,Auto Loans,Total Loans,Other Loans,Credit Cards,Real Estate,State,Total Past Due,Year
0,6386.0,35123,21178,7559,1664322,Alaska,7175,2011
1,4014047.0,15142888,10076944,1051897,208604061,California,3437273,2011
2,1324845.0,4320157,1742526,1252786,47707735,Missouri,943278,2011
3,43173.0,19262737,43937,19175627,6769332,Nevada,667807,2011
4,808687.0,1358944,387775,162482,42019915,New Jersey,1348452,2011
5,5448489.0,11847405,5728851,670065,109470262,New York,3007240,2011
6,39410909.0,86996140,26594975,20990256,548799888,North Carolina,54917711,2011
7,3434944.0,7643078,2050538,2157596,92463798,Alabama,2370758,2011
8,1187960.0,2121925,823734,110231,24432993,Indiana,461605,2011
9,638412.0,1259102,529789,90901,24863995,Iowa,265214,2011
10,462382.0,2300095,1774025,63688,24190481,Michigan,640626,2011
11,537373.0,1376071,696972,141726,24207076,Minnesota,396535,2011
12,1450.0,11523,9172,901,1709384,New Hampshire,8258,2011
13,69935915.0,158048069,37531580,50580574,492780315,Ohio,32948613,2011
14,1301462.0,2649678,1260677,87539,27513406,Oklahoma,637562,2011
15,25195.0,203959,76713,102051,21035294,Oregon,312378,2011
16,326926.0,1529789,1025828,177035,40273169,Wisconsin,505988,2011
17,116740.0,232307,97426,18141,2558378,Wyoming,38420,2011
18,396440.0,1532057,774847,360770,48086416,Florida,1670117,2011
19,10787380.0,22982435,10131050,2064005,111535193,Georgia,5182119,2011
20,19717.0,92474,39581,33176,2990833,Idaho,45583,2011
21,6264438.0,11126257,3770466,1091353,121948023,Illinois,4055679,2011
22,974930.0,2049144,979300,94914,27698988,Kentucky,467491,2011
23,1340294.0,2626102,1008530,277278,25347743,Louisiana,540257,2011
24,537431.0,936439,368279,30729,15266942,Massachusetts,98793,2011
25,894513.0,2028630,927158,206959,26878361,Mississippi,574819,2011
26,383307.0,2442136,1035400,1023429,8991258,North Dakota,212476,2011
27,1875488.0,4698029,2333214,489327,58778530,Pennsylvania,774693,2011
28,42428814.0,269937326,52794601,174713911,648179051,South Dakota,61161547,2011
29,1079251.0,2484848,1160138,245459,37579783,Tennessee,900206,2011
30,22114921.0,106399566,3121707,81162938,94765243,Virginia,7335769,2011
31,18498.0,75656,39513,17645,6323259,Arizona,53171,2011
32,113082.0,441852,161387,167383,18070111,Colorado,214286,2011
33,16224654.0,333548248,25100132,292223462,126024935,Delaware,17752202,2011
34,678402.0,1363314,251714,433198,11695652,Hawaii,132681,2011
35,772869.0,1523648,533150,217629,16728658,Kansas,247613,2011
36,424948.0,939218,407454,106816,8766098,Montana,187428,2011
37,7448861.0,12754232,3582571,1722800,57651199,Rhode Island,1077040,2011
38,712611.0,1189952,348228,129113,16204057,South Carolina,607404,2011
39,2768831.0,6486164,1911457,1805876,35268756,Other Areas,4515128,2011
40,269529.0,803318,324847,208942,19942602,Washington,357235,2011
41,707943.0,2252412,1108951,435518,26707562,Arkansas,595697,2011
42,19400.0,108685,46665,42620,13139715,Connecticut,121010,2011
43,1624.0,8568,2340,4604,895036,District of Columbia,7480,2011
44,21884.0,96245,62376,11985,3504879,Maine,29852,2011
45,101717.0,369792,225007,43068,14738826,Maryland,296361,2011
46,847163.0,9023985,982763,7194059,15108070,Nebraska,353471,2011
47,89790.0,235044,117989,27265,6187671,New Mexico,51634,2011
48,2553389.0,6674338,3308716,812233,130571947,Texas,3152052,2011
49,29903883.0,88357277,33172954,25280440,34982726,Utah,2564511,2011
50,8120.0,43198,28896,6182,2236724,Vermont,31090,2011
51,518473.0,1082282,509543,54266,13400755,West Virginia,297132,2011
52,,1413781,942729,471052,11476857,Hawaii,175896,2010
53,,2526517,2296088,230429,24176174,Louisiana,576700,2010
54,,122251,109864,12387,3472191,Maine,31021,2010
55,,2695705,2629272,66433,26015434,Oklahoma,461228,2010
56,,2693701,2437791,255910,41262220,Tennessee,1026695,2010
57,,6578603,4821426,1757177,36415244,Other Areas,4527177,2010
58,,49537,43121,6416,2154114,Vermont,34649,2010
59,,110211,65139,45072,7570002,Arizona,100186,2010
60,,105878,63459,42419,12535928,Connecticut,137092,2010
61,,9713,4699,5014,900037,District of Columbia,25413,2010
62,,2280141,1925473,354668,55479387,Florida,1397169,2010
63,,19419874,17336245,2083629,122373109,Georgia,4779286,2010
64,,1286272,1188403,97869,23977588,Iowa,378167,2010
65,,1466218,1295052,171166,25268901,Minnesota,484205,2010
66,,2279533,2059088,220445,28360449,Mississippi,584522,2010
67,,8439623,2029927,6409696,15172257,Nebraska,426049,2010
68,,86226500,68486245,17740255,570882315,North Carolina,45868318,2010
69,,2404030,1411553,992477,8106319,North Dakota,287221,2010
70,,151921469,109061397,42860072,505250474,Ohio,40164672,2010
71,,1155746,1026731,129015,16543598,South Carolina,460228,2010
72,,99395063,22091273,77303790,95644084,Virginia,8404601,2010
73,,875716,625140,250576,21787968,Washington,482006,2010
74,,2267524,1942426,325098,64357583,Wisconsin,1062285,2010
75,,248370,230745,17625,2608593,Wyoming,44111,2010
76,,573471,406683,166788,21084514,Colorado,438959,2010
77,,2331660,2220818,110842,24783294,Indiana,430771,2010
78,,1656924,1438126,218798,18339632,Kansas,441785,2010
79,,2388521,2307758,80763,26182673,Michigan,699889,2010
80,,11553,10496,1057,1625566,New Hampshire,10765,2010
81,,79166129,56740958,22425171,39297001,Utah,1981751,2010
82,,1126912,1076574,50338,13193383,West Virginia,331035,2010
83,,6498113,5429548,1068565,101014905,Alabama,2907790,2010
84,,34724,26565,8159,1687807,Alaska,10871,2010
85,,2562322,2128254,434068,26522817,Arkansas,707964,2010
86,,15041034,13912210,1128824,216773584,California,4221943,2010
87,,356668182,28502796,328165386,131572837,Delaware,22920202,2010
88,,10085263,9357470,727793,102304956,Illinois,3165272,2010
89,,435798,400767,35031,13826524,Maryland,335716,2010
90,,1449145,1321236,127909,31536475,New Jersey,1125026,2010
91,,5544884,5018499,526385,60425607,Pennsylvania,939677,2010
92,,14067772,12307167,1760605,63863175,Rhode Island,1393504,2010
93,,7156810,6389410,767400,130087518,Texas,3537919,2010
94,,102268,67748,34520,2845763,Idaho,45776,2010
95,,2240963,2142668,98295,27884077,Kentucky,528226,2010
96,,943591,919554,24037,13061255,Massachusetts,104321,2010
97,,4527658,3239228,1288430,48486860,Missouri,890136,2010
98,,982279,878595,103684,9137875,Montana,186215,2010
99,,98901025,38439137,60461888,204392110,Nevada,15747623,2010
100,,285753,251220,34533,7825899,New Mexico,106575,2010
101,,9886366,9355503,530863,93094393,New York,2096318,2010
102,,224371,117503,106868,24766345,Oregon,472157,2010
103,,206232117,67951649,138280468,473285828,South Dakota,51985831,2010
104,,3012773,2597428,415345,26048442,Arkansas,555990,2009
105,,2698262,2471599,226663,24678529,Louisiana,717700,2009
106,,2716450,2113301,603149,13849959,Nebraska,403054,2009
107,,119865924,64137301,55728623,228826932,Nevada,19040225,2009
108,,12969,11984,985,1543611,New Hampshire,17893,2009
109,,325077,289782,35295,8474049,New Mexico,161074,2009
110,,1268590,1214551,54039,13401625,West Virginia,312427,2009
111,,158737,110346,48391,8466992,Arizona,202262,2009
112,,105727,66250,39477,12812107,Connecticut,197585,2009
113,,13408,9564,3844,837897,District of Columbia,18797,2009
114,,1437106,1294927,142179,24332844,Iowa,550487,2009
115,,2627457,2401772,225685,29026889,Mississippi,791159,2009
116,,69876156,31545148,38331008,274870157,South Dakota,35102341,2009
117,,1246598,974103,272495,29106853,Washington,600873,2009
118,,262974,244494,18480,2734079,Wyoming,72698,2009
119,,39215,30734,8481,1703109,Alaska,25724,2009
120,,2663134,2550671,112463,25720009,Indiana,534336,2009
121,,496746,458071,38675,14215164,Maryland,427874,2009
122,,2663138,2567459,95679,28180133,Michigan,822355,2009
123,,1058212,950262,107950,9571301,Montana,233934,2009
124,,129876635,111172904,18703731,793126891,North Carolina,66293658,2009
125,,262291,139683,122608,27689028,Oregon,490237,2009
126,,5467429,4944131,523298,61534341,Pennsylvania,1106025,2009
127,,16330486,13902983,2427503,71931006,Rhode Island,1954487,2009
128,,7258296,5387606,1870690,42914319,Other Areas,3065716,2009
129,,67894450,24615539,43278911,100134040,Virginia,8169860,2009
130,,3617952,3258438,359514,69955141,Wisconsin,1455916,2009
131,,8710898,7841949,868949,114066110,Alabama,3826212,2009
132,,14772316,13612148,1160168,199018871,California,4531274,2009
133,,762936,519702,243234,23924930,Colorado,522617,2009
134,,233855242,24921669,208933573,134569332,Delaware,26592074,2009
135,,18980742,13422314,5558428,127349840,Georgia,5133676,2009
136,,119149,83015,36134,3212129,Idaho,105362,2009
137,,10959729,10208827,750902,111997506,Illinois,3151923,2009
138,,158311,146118,12193,3446436,Maine,44393,2009
139,,998931,975197,23734,12850809,Massachusetts,359370,2009
140,,5552002,4350792,1201210,54593040,Missouri,1078191,2009
141,,2360241,1362174,998067,7726001,North Dakota,314405,2009
142,,3026275,2962292,63983,26105645,Oklahoma,566904,2009
143,,52209,47730,4479,2157941,Vermont,35292,2009
144,,2795274,2416153,379121,65639854,Florida,1675981,2009
145,,1679288,1175479,503809,12447592,Hawaii,204409,2009
146,,2006420,1626817,379603,19298303,Kansas,476008,2009
147,,2348760,2251104,97656,27836705,Kentucky,608807,2009
148,,1607471,1405216,202255,26762001,Minnesota,665961,2009
149,,1699243,1630329,68914,30326487,New Jersey,848363,2009
150,,9775199,9370243,404956,84083978,New York,2509845,2009
151,,140294447,101775282,38519165,540964773,Ohio,45315361,2009
152,,1599263,1395912,203351,27727298,South Carolina,703059,2009
153,,2936753,2660192,276561,44390662,Tennessee,1288919,2009
154,,7997996,7139917,858079,136234584,Texas,4850648,2009
155,,59574046,40146440,19427606,41746751,Utah,2729150,2009
156,,11911551,11069904,841647,127324788,Alabama,4016959,2008
157,,92489,74673,17816,27945214,Alaska,1004069,2008
158,,12090,10565,1525,794394,District of Columbia,16744,2008
159,,189269,176832,12437,3358781,Maine,51278,2008
160,,905605,863078,42527,17119813,Maryland,455970,2008
161,,1187522,1161937,25585,12529973,Massachusetts,113769,2008
162,,3112799,2895025,217774,28399436,Mississippi,683757,2008
163,,1066238,953753,112485,9416359,Montana,262714,2008
164,,3330430,3264146,66284,25585732,Oklahoma,616474,2008
165,,18721305,16132675,2588630,90154540,Rhode Island,1847423,2008
166,,86818544,36663893,50154651,195673618,South Dakota,18536105,2008
167,,1880925,1358692,522233,13401627,Hawaii,171447,2008
168,,10480550,10010629,469921,124313325,Illinois,4100446,2008
169,,3638387,2224775,1413612,13690417,Nebraska,417256,2008
170,,124290154,71315695,52974459,256259643,Nevada,18387338,2008
171,,365854,321431,44423,8919903,New Mexico,160645,2008
172,,111683713,102354132,9329581,733074910,North Carolina,46218246,2008
173,,8763917,7520309,1243608,104652379,Texas,2170217,2008
174,,66405474,26794696,39610778,98822227,Virginia,6377871,2008
175,,1333426,1282393,51033,13170774,West Virginia,305224,2008
176,,3034810,2675852,358958,74673315,Wisconsin,1832628,2008
177,,267116,245562,21554,2639190,Wyoming,50107,2008
178,,1022172,640180,381992,26311765,Colorado,628860,2008
179,,140588,101837,38751,3376239,Idaho,71593,2008
180,,2988796,2850032,138764,28439780,Indiana,710840,2008
181,,2084433,1755215,329218,20747964,Kansas,522726,2008
182,,2357165,2271396,85769,27103103,Kentucky,571276,2008
183,,1746597,1518148,228449,37546564,Minnesota,935332,2008
184,,151127624,101493065,49634559,613572727,Ohio,42443149,2008
185,,162662,109791,52871,9713744,Arizona,379635,2008
186,,3025736,2635929,389807,25586516,Arkansas,456334,2008
187,,19228575,14243298,4985277,138920398,Georgia,5473240,2008
188,,1502623,1360768,141855,24377829,Iowa,596376,2008
189,,2765618,2582222,183396,22179816,Louisiana,461718,2008
190,,20228,19314,914,1340517,New Hampshire,12119,2008
191,,2117091,1291587,825504,7235642,North Dakota,284075,2008
192,,3302653,2989862,312791,49689314,Tennessee,1465068,2008
193,,7982237,6038656,1943581,43118584,Other Areas,3277449,2008
194,,55605260,30078215,25527045,49686962,Utah,3344586,2008
195,,53879,49496,4383,2089403,Vermont,34893,2008
196,,1370552,1103806,266746,34354313,Washington,952797,2008
197,,16259340,14923903,1335437,204538615,California,4181990,2008
198,,128457,98291,30166,12971046,Connecticut,199296,2008
199,,225120652,9509198,215611454,43341690,Delaware,16201275,2008
200,,3152606,2770161,382445,69438926,Florida,1948044,2008
201,,5639716,4478952,1160764,52534968,Michigan,2101009,2008
202,,5817884,4684392,1133492,55339798,Missouri,1196528,2008
203,,2090222,2008445,81777,28755815,New Jersey,483649,2008
204,,10746427,10303723,442704,78740592,New York,2757802,2008
205,,297354,166106,131248,24405418,Oregon,403207,2008
206,,10589323,9963281,626042,96510304,Pennsylvania,1768124,2008
207,,2124715,1939534,185181,28812425,South Carolina,623770,2008
208,,1178051,775362,402689,23262774,Colorado,398413,2007
209,,211486492,8466758,203019734,53418692,Delaware,12152519,2007
210,,2041714,1806804,234910,64827204,Minnesota,1150507,2007
211,,3100662,1520903,1579759,12241791,Nebraska,322025,2007
212,,31561,30083,1478,2431467,New Hampshire,23590,2007
213,,2145454,2073792,71662,26894721,New Jersey,350231,2007
214,,12525685,10958729,1566956,76243137,New York,3014403,2007
215,,1870455,1190336,680119,6404680,North Dakota,229978,2007
216,,1383887,1137920,245967,32449070,Washington,413036,2007
217,,11779352,10917563,861789,120034666,Alabama,2340709,2007
218,,166908,109784,57124,12483254,Arizona,296759,2007
219,,18429,16760,1669,844318,District of Columbia,12312,2007
220,,3373829,3012276,361553,67634456,Florida,1131103,2007
221,,18976949,14629596,4347353,143732032,Georgia,4199136,2007
222,,1955695,1448110,507585,12259162,Hawaii,153984,2007
223,,156299,122868,33431,3102663,Idaho,42894,2007
224,,2564619,2383746,180873,19997293,Louisiana,386199,2007
225,,3479003,2937026,541977,20317633,Maine,271192,2007
226,,152983801,89671382,63312419,288559919,Nevada,14154472,2007
227,,2861555,2456544,405011,25144421,Arkansas,462725,2007
228,,3188035,3022048,165987,28704548,Indiana,545543,2007
229,,2251762,1936275,315487,20800266,Kansas,379748,2007
230,,5344553,4307204,1037349,52365973,Missouri,1003351,2007
231,,3242225,3175544,66681,22606358,Oklahoma,542464,2007
232,,9232550,8437502,795048,97499423,Pennsylvania,1324640,2007
233,,18494448,15991698,2502750,90560640,Rhode Island,1041402,2007
234,,8797728,7683886,1113842,98958844,Texas,1732477,2007
235,,54693009,26221832,28471177,53404694,Utah,2542299,2007
236,,274153,267984,6169,3561315,Vermont,49228,2007
237,,31317509,15004576,16312933,61745437,Virginia,2282686,2007
238,,279622,252254,27368,3263508,Wyoming,57129,2007
239,,1536319,1508517,27802,12619186,Massachusetts,134705,2007
240,,1047945,941139,106806,8516046,Montana,183363,2007
241,,99307718,90601524,8706194,758802014,North Carolina,15158793,2007
242,,137935962,90490354,47445608,438956931,Ohio,18366135,2007
243,,292431,149304,143127,27415720,Oregon,394592,2007
244,,2251798,2077941,173857,26346014,South Carolina,316705,2007
245,,84897219,37854856,47042363,177628240,South Dakota,11730539,2007
246,,8346780,6444909,1901871,40812513,Other Areas,2049949,2007
247,,1544387,1403233,141154,22689968,Iowa,515502,2007
248,,42703,36678,6025,1662017,Alaska,41928,2007
249,,16927945,15796214,1131731,191014960,California,2493788,2007
250,,136235,106597,29638,12882959,Connecticut,142055,2007
251,,10427906,9983672,444234,135579523,Illinois,3840833,2007
252,,2365116,2271384,93732,25552503,Kentucky,498513,2007
253,,1082515,1033039,49476,17353794,Maryland,351297,2007
254,,9154765,8080200,1074565,69185711,Michigan,2127003,2007
255,,3316620,3092497,224123,26891976,Mississippi,554468,2007
256,,387251,342406,44845,8283506,New Mexico,92274,2007
257,,3447851,3147901,299950,47420039,Tennessee,1163833,2007
258,,1332961,1280736,52225,11675363,West Virginia,263501,2007
259,,2901259,2559062,342197,70471684,Wisconsin,1251446,2007
260,,16328233,15286818,1041415,170934830,California,1445612,2006
261,,192730532,11690167,181040365,60041789,Delaware,9658776,2006
262,,3332507,3157299,175208,28185096,Indiana,430716,2006
263,,1601973,1465366,136607,21712810,Iowa,427113,2006
264,,2422272,2328937,93335,24034314,Kentucky,399873,2006
265,,1996956,1790325,206631,40454436,Minnesota,731938,2006
266,,3043251,2844250,199001,23886812,Mississippi,385297,2006
267,,1072465,967105,105360,7900300,Montana,141950,2006
268,,8060391,7386017,674374,80510276,Pennsylvania,799175,2006
269,,4249847,3478038,771809,7296279,Rhode Island,68790,2006
270,,7575492,7037045,538447,66523762,Texas,1122669,2006
271,,166631,119057,47574,11959517,Arizona,140845,2006
272,,1971907,1499850,472057,11567045,Hawaii,97000,2006
273,,2229082,1934389,294693,18694375,Kansas,295223,2006
274,,3541336,3018614,522722,19836862,Maine,302731,2006
275,,2645194,1653830,991364,11900078,Nebraska,293216,2006
276,,114772464,69971848,44800616,262162848,Nevada,9707105,2006
277,,394172,320748,73424,7078749,New Mexico,66724,2006
278,,81393063,32222523,49170540,178748886,South Dakota,9224128,2006
279,,8406855,6653177,1753678,36350277,Other Areas,1577079,2006
280,,46593418,23515028,23078390,45033748,Utah,1669039,2006
281,,303742,293178,10564,3723199,Vermont,36080,2006
282,,2906495,2587874,318621,65948835,Wisconsin,1046122,2006
283,,44796,32901,11895,1648439,Alaska,29744,2006
284,,2779965,2377320,402645,23303126,Arkansas,390215,2006
285,,1253984,895542,358442,20116447,Colorado,299480,2006
286,,98696,82702,15994,12247721,Connecticut,89511,2006
287,,16755049,15022708,1732341,140129627,Georgia,2204508,2006
288,,176668,145863,30805,2648174,Idaho,16861,2006
289,,2143269,2080147,63122,23477359,Maryland,280947,2006
290,,9088097,8072656,1015441,87598215,Michigan,1670945,2006
291,,5293187,4421496,871691,49204424,Missouri,709563,2006
292,,53410,51660,1750,2375326,New Hampshire,17913,2006
293,,3187663,3117977,69686,20309256,Oklahoma,391745,2006
294,,269253,159519,109734,24802421,Oregon,133666,2006
295,,1737598,1570970,166628,20600617,South Carolina,215953,2006
296,,3191948,2931850,260098,43019705,Tennessee,712851,2006
297,,12171548,11444277,727271,119640022,Alabama,1668377,2006
298,,11056,10106,950,573057,District of Columbia,5164,2006
299,,3688080,3358425,329655,66866260,Florida,586040,2006
300,,6058668,5725900,332768,26605915,Louisiana,336252,2006
301,,89958556,82973478,6985078,666310192,North Carolina,8453283,2006
302,,20913920,2435872,18478048,107945034,Virginia,2684818,2006
303,,1250552,1024397,226155,26696325,Washington,100090,2006
304,,1349635,1299318,50317,10735713,West Virginia,199025,2006
305,,10879637,10431641,447996,125260773,Illinois,2560912,2006
306,,7522884,6408929,1113955,25662564,Massachusetts,258318,2006
307,,2061455,1992389,69066,28157253,New Jersey,253820,2006
308,,14501557,13277310,1224247,108092719,New York,2312914,2006
309,,1855712,1176666,679046,5721417,North Dakota,183960,2006
310,,132566722,86177486,46389236,437206574,Ohio,12099215,2006
311,,261167,241476,19691,2768824,Wyoming,40030,2006
312,,2697681,2330095,367586,20195975,Arkansas,271054,2005
313,,7302,6459,843,473304,District of Columbia,1721,2005
314,,5884056,5568802,315254,24445868,Louisiana,467742,2005
315,,2227858,2160808,67050,21295983,Maryland,220866,2005
316,,5275213,4473596,801617,45115217,Missouri,567738,2005
317,,18793855,695714,18098141,16565676,Nevada,813954,2005
318,,136835847,90140333,46695514,379044829,Ohio,8178545,2005
319,,3166159,2858444,307715,40382710,Tennessee,727568,2005
320,,323930,302302,21628,3418679,Vermont,34471,2005
321,,1394868,1333581,61287,10107026,West Virginia,198232,2005
322,,1313552,985961,327591,18079821,Colorado,183988,2005
323,,1973934,1497654,476280,10617240,Hawaii,104335,2005
324,,193210,159670,33540,2367228,Idaho,29524,2005
325,,88158,86401,1757,2264520,New Hampshire,13436,2005
326,,3053691,2557517,496174,33078393,New Jersey,302678,2005
327,,364602,319677,44925,6150312,New Mexico,56321,2005
328,,1602267,1130665,471602,5033945,North Dakota,150984,2005
329,,8944039,8214193,729846,85123206,Pennsylvania,1373849,2005
330,,2316679,2123298,193381,21468324,South Carolina,236647,2005
331,,7998480,6338014,1660466,31753857,Other Areas,1150034,2005
332,,3177480,2857703,319777,57569848,Wisconsin,644737,2005
333,,18912930,17223402,1689528,132274979,Georgia,1922236,2005
334,,11345021,10883007,462014,129504337,Illinois,2477157,2005
335,,2383022,2038447,344575,19211240,Kansas,269393,2005
336,,2542783,2407649,135134,25211598,Kentucky,623813,2005
337,,2735471,2681738,53733,16771860,Maine,131762,2005
338,,8742258,7568854,1173404,23255913,Massachusetts,198617,2005
339,,2407756,1783368,624388,11005322,Nebraska,267583,2005
340,,67910968,61665507,6245461,549474280,North Carolina,6596086,2005
341,,1049434,837977,211457,21512529,Washington,125818,2005
342,,45991,35380,10611,1566957,Alaska,32508,2005
343,,15695481,14752168,943313,155711316,California,1248774,2005
344,,124854888,13357632,111497256,64749834,Delaware,4841334,2005
345,,2143223,1958282,184941,31796372,Minnesota,438412,2005
346,,252894,155196,97698,15579215,Oregon,75311,2005
347,,64118627,23149007,40969620,200478496,South Dakota,7699195,2005
348,,7664078,7167754,496324,63409252,Texas,1092893,2005
349,,38081041,19583808,18497233,33912491,Utah,1560437,2005
350,,252031,232527,19504,2351264,Wyoming,26097,2005
351,,13104829,12421290,683539,110153871,Alabama,1592702,2005
352,,58822115,230420,58591695,11530404,Arizona,2698012,2005
353,,569210,282743,286467,12113669,Connecticut,158677,2005
354,,3452267,3145612,306655,55217381,Florida,407899,2005
355,,3528038,3308401,219637,45702607,Indiana,1398714,2005
356,,1700793,1558886,141907,20222230,Iowa,354115,2005
357,,8965340,8203504,761836,85058826,Michigan,1428819,2005
358,,2931409,2735117,196292,21176069,Mississippi,392970,2005
359,,1093180,1007053,86127,6956547,Montana,120534,2005
360,,137667537,75226004,62441533,164295371,New York,8571653,2005
361,,3322050,3244245,77805,18350616,Oklahoma,365492,2005
362,,3807625,3562744,244881,7029180,Rhode Island,70639,2005
363,,20952209,3822323,17129886,98167195,Virginia,1555303,2005
364,,1356929,974364,382565,15575097,Colorado,190566,2004
365,,496384,276665,219719,11548845,Connecticut,71196,2004
366,,114919092,16777812,98141280,81933500,Delaware,5483712,2004
367,,178986,148086,30900,1795839,Idaho,29704,2004
368,,1696437,1565742,130695,18522746,Iowa,323613,2004
369,,7910069,6867856,1042213,19939400,Massachusetts,151536,2004
370,,2550948,1881265,669683,9878613,Nebraska,237346,2004
371,,8586266,7316332,1269934,70785580,Pennsylvania,879542,2004
372,,7553358,7098574,454784,54522410,Texas,905542,2004
373,,2811005,2545802,265203,48705752,Wisconsin,502360,2004
374,,11259550,10876823,382727,114104669,Illinois,2068229,2004
375,,2694853,2586366,108487,25093505,Kentucky,568420,2004
376,,2131114,1977053,154061,29487389,Minnesota,359550,2004
377,,2906859,2710977,195882,18697768,Mississippi,347436,2004
378,,1014169,937438,76731,5904145,Montana,134470,2004
379,,150512289,74785319,75726970,125541999,New York,7963637,2004
380,,3147689,3063901,83788,16171973,Oklahoma,334973,2004
381,,2247259,2059197,188062,18487142,South Carolina,184948,2004
382,,75062087,22355337,52706750,194931303,South Dakota,6552426,2004
383,,781386,579860,201526,14395144,Washington,91826,2004
384,,13830138,12902713,927425,128612258,California,957111,2004
385,,6028,4835,1193,364188,District of Columbia,2043,2004
386,,8010665,7543261,467404,71211305,Michigan,1366068,2004
387,,5231852,4383138,848714,40077416,Missouri,527877,2004
388,,384944,347894,37050,5535969,New Mexico,57288,2004
389,,282178,172343,109835,14244376,Oregon,89014,2004
390,,307115,298932,8183,3173012,Vermont,38355,2004
391,,21645828,3902432,17743396,66497963,Virginia,1080276,2004
392,,1352297,1291492,60805,9048422,West Virginia,166965,2004
393,,51066,40344,10722,1450501,Alaska,26406,2004
394,,2775141,2429902,345239,17722529,Arkansas,281618,2004
395,,2550198,2074526,475672,17287571,Kansas,262317,2004
396,,5328905,5031243,297662,22583431,Louisiana,312808,2004
397,,3110122,2568436,541686,33248090,New Jersey,267921,2004
398,,60810814,55634981,5175833,402880079,North Carolina,4618926,2004
399,,5423734,5000766,422968,62663718,Tennessee,940330,2004
400,,13999394,13357756,641638,104316826,Alabama,1344113,2004
401,,43268822,218731,43050091,8811478,Arizona,2041476,2004
402,,3439013,3147012,292001,47305284,Florida,334140,2004
403,,19991399,15070427,4920972,98873808,Georgia,1697707,2004
404,,1941456,1461381,480075,9573349,Hawaii,84541,2004
405,,3424632,3226438,198194,46875242,Indiana,1643793,2004
406,,2363011,2313065,49946,15860251,Maine,116015,2004
407,,2046442,1979131,67311,18195470,Maryland,220451,2004
408,,21808291,520771,21287520,14073360,Nevada,798660,2004
409,,7670725,143147,7527578,2166164,New Hampshire,344749,2004
410,,1518724,1070670,448054,4375026,North Dakota,133640,2004
411,,124634413,85832157,38802256,335400380,Ohio,6220914,2004
412,,22596982,5662445,16934537,68317830,Rhode Island,1590481,2004
413,,6876872,5467383,1409489,26746492,Other Areas,858927,2004
414,,33277540,18382436,14895104,28683932,Utah,1363829,2004
415,,266521,248263,18258,2157178,Wyoming,32411,2004
416,,34460235,284464,34175771,10343160,Arizona,1603020,2003
417,,26207246,23306194,2901052,248218710,California,4763719,2003
418,,1412863,959505,453358,13235762,Colorado,194644,2003
419,,415378,297635,117743,1786840,Connecticut,19331,2003
420,,2343222,2291302,51920,13840131,Maine,126225,2003
421,,3000055,2808693,191362,16749665,Mississippi,409643,2003
422,,986113,919037,67076,5043196,Montana,141115,2003
423,,3087096,2998645,88451,16472697,Oklahoma,423928,2003
424,,7528876,6942725,586151,54897026,Pennsylvania,801592,2003
425,,21329639,6303762,15025877,68104821,Rhode Island,1379791,2003
426,,6208908,5785876,423032,54438041,Tennessee,1331135,2003
427,,6293269,4990741,1302528,23648626,Other Areas,789728,2003
428,,177463,151655,25808,1320511,Idaho,25430,2003
429,,3533390,3341976,191414,61034091,Indiana,1915178,2003
430,,2966729,2064507,902222,9079847,Nebraska,295811,2003
431,,29504183,1760845,27743338,10205895,Nevada,1212394,2003
432,,585721,543024,42697,7959835,New Mexico,109584,2003
433,,74761976,62417162,12344814,208912235,Ohio,4907227,2003
434,,7579091,7183041,396050,45622250,Texas,948210,2003
435,,283945,265680,18265,1942750,Wyoming,38335,2003
436,,2934805,2594999,339806,15366972,Arkansas,326306,2003
437,,77747454,9160196,68587258,16956179,Delaware,3214435,2003
438,,2824001,2551839,272162,40901758,Florida,390917,2003
439,,5072978,4794590,278388,18540601,Louisiana,311634,2003
440,,2158485,2093520,64965,15644387,Maryland,203760,2003
441,,8830909,8413610,417299,69426313,Michigan,1592564,2003
442,,5026398,4368750,657648,36383789,Missouri,531868,2003
443,,60960109,56356256,4603853,358864338,North Carolina,5041625,2003
444,,247905,160529,87376,13651916,Oregon,124138,2003
445,,304232,296411,7821,2891014,Vermont,33517,2003
446,,3231300,2977243,254057,43077400,Wisconsin,617593,2003
447,,13694419,12261991,1432428,93966763,Alabama,1460594,2003
448,,4292,3177,1115,305840,District of Columbia,2281,2003
449,,1711272,1326109,385163,8821036,Hawaii,94679,2003
450,,18880704,11306789,7573915,118523727,Illinois,3271171,2003
451,,1899712,1738297,161415,17617453,Iowa,310085,2003
452,,2728007,2086442,641565,14394674,Kansas,290558,2003
453,,2791983,2691433,100550,20105720,Kentucky,477529,2003
454,,3926122,3466436,459686,29594224,New Jersey,246403,2003
455,,2315474,2126554,188920,15546066,South Carolina,213600,2003
456,,18531100,3802426,14728674,42201391,Virginia,1027603,2003
457,,802712,580915,221797,13486431,Washington,148512,2003
458,,55392,43983,11409,1315298,Alaska,24078,2003
459,,19906535,15478140,4428395,82413406,Georgia,1714907,2003
460,,4336250,4262423,73827,16243023,Massachusetts,110969,2003
461,,3093472,2812429,281043,48173706,Minnesota,533335,2003
462,,6466078,183049,6283029,1622159,New Hampshire,419055,2003
463,,178647552,100997079,77650473,202170179,New York,11908631,2003
464,,2012469,1582252,430217,5655734,North Dakota,174483,2003
465,,54903534,5534720,49368814,4476963,South Dakota,3111080,2003
466,,30196655,13906412,16290243,23687740,Utah,1436231,2003
467,,1386687,1324690,61997,7762643,West Virginia,199717,2003
468,,2659628,2407581,252047,35270286,Florida,379860,2002
469,,17664510,15302728,2361782,73715823,Georgia,1601324,2002
470,,187332,145467,41865,1070133,Idaho,23188,2002
471,,3480605,3306410,174195,19895210,Kentucky,566699,2002
472,,4736995,4460107,276888,16498765,Louisiana,311296,2002
473,,847046,785787,61259,6684873,New Mexico,173250,2002
474,,7924008,7311170,612838,52740028,Pennsylvania,1141939,2002
475,,51491021,5889551,45601470,3958028,South Dakota,2710862,2002
476,,6418558,6011405,407153,54053133,Tennessee,1475770,2002
477,,21040656,5238193,15802463,24670850,Utah,1651203,2002
478,,4961,3782,1179,271084,District of Columbia,1536,2002
479,,27154171,18789324,8364847,119448379,Illinois,3755643,2002
480,,2790594,2156420,634174,13614955,Kansas,321574,2002
481,,3173212,2996670,176542,19700685,Maryland,455340,2002
482,,5995336,5667361,327975,64074725,Michigan,1423541,2002
483,,4790686,4195925,594761,31512387,Missouri,615617,2002
484,,6117111,189433,5927678,1682706,New Hampshire,593750,2002
485,,58303362,53778798,4524564,314612407,North Carolina,5420693,2002
486,,63268021,51276269,11991752,193021970,Ohio,5939646,2002
487,,2129003,1940706,188297,13299233,South Carolina,224364,2002
488,,3497809,3263492,234317,38049654,Wisconsin,780030,2002
489,,200628,193871,6757,1547874,Connecticut,17767,2002
490,,1416561,1077925,338636,8303821,Hawaii,121449,2002
491,,5134969,4877460,257509,64752717,Indiana,2133565,2002
492,,2178841,2118199,60642,11663374,Maine,171076,2002
493,,3379513,3291556,87957,15309490,Oklahoma,428835,2002
494,,18458721,6579925,11878796,51579028,Rhode Island,1192533,2002
495,,290942,283854,7088,2810356,Vermont,32344,2002
496,,15172622,13738222,1434400,90293553,Alabama,1644417,2002
497,,351862,338956,12906,1860211,Alaska,29543,2002
498,,20904220,18622458,2281762,194706094,California,2545810,2002
499,,78290021,7206312,71083709,12447220,Delaware,3928368,2002
500,,2080696,1875815,204881,16812065,Iowa,359732,2002
501,,3460724,3189560,271164,50937172,Minnesota,686178,2002
502,,3277961,3089454,188507,15404254,Mississippi,453228,2002
503,,1238547,1155339,83208,4880144,Montana,166844,2002
504,,3707914,2414438,1293476,9294253,Nebraska,360071,2002
505,,14893962,652591,14241371,8241429,Nevada,480336,2002
506,,3596095,3118359,477736,23026477,New Jersey,272449,2002
507,,2041815,1553769,488046,5239393,North Dakota,241056,2002
508,,417108,199290,217818,12586013,Oregon,187172,2002
509,,6039342,4621974,1417368,19111797,Other Areas,1008403,2002
510,,16662832,5282543,11380289,26522895,Virginia,1317236,2002
511,,1577833,1505086,72747,7593495,West Virginia,247434,2002
512,,26235821,568372,25667449,8457760,Arizona,1159971,2002
513,,2846211,2487649,358562,13481976,Arkansas,375729,2002
514,,2716762,2222618,494144,21223280,Colorado,384276,2002
515,,2258732,2187357,71375,13281878,Massachusetts,137890,2002
516,,160069665,89811940,70257725,194710551,New York,12037420,2002
517,,9839161,9273367,565794,49516121,Texas,1185026,2002
518,,803928,601797,202131,12735686,Washington,166378,2002
519,,346460,313576,32884,2051503,Wyoming,39229,2002
520,,3466481,2527570,938911,21995120,Colorado,469477,2001
521,,2508158,2109619,398539,30138798,Florida,493109,2001
522,,24839116,13949218,10889898,62457117,Georgia,1802298,2001
523,,3033382,2262935,770447,12151357,Kansas,355646,2001
524,,32439836,5023083,27416753,3418036,South Dakota,1318369,2001
525,,19600241,3962408,15637833,16047491,Utah,1480609,2001
526,,15994752,5481250,10513502,22267370,Virginia,980453,2001
527,,3704923,3033255,671668,35359380,Wisconsin,890159,2001
528,,15248488,13869979,1378509,82968111,Alabama,1936020,2001
529,,125525,117950,7575,1366755,Connecticut,38527,2001
530,,451702,411294,40408,3503855,Maine,67811,2001
531,,3742025,2425378,1316647,8456590,Nebraska,385751,2001
532,,111655168,79571073,32084095,171117145,New York,10440625,2001
533,,53242845,49013406,4229439,260425200,North Carolina,6209627,2001
534,,53522464,40233545,13288919,156655692,Ohio,7170193,2001
535,,10700525,10122012,578513,44072724,Texas,1223403,2001
536,,1313110,986830,326280,8688523,Hawaii,165934,2001
537,,7213293,5550630,1662663,53391738,Indiana,2313870,2001
538,,2304469,2084187,220282,15992248,Iowa,418055,2001
539,,3989741,3799433,190308,21525287,Kentucky,651807,2001
540,,3433057,3252678,180379,18580725,Maryland,473541,2001
541,,2515569,2431586,83983,14160289,Massachusetts,223965,2001
542,,3542943,3353858,189085,14202225,Mississippi,535364,2001
543,,4925328,4340592,584736,28957195,Missouri,650307,2001
544,,13220609,808762,12411847,2747274,New Hampshire,933179,2001
545,,886174,829409,56765,5448038,New Mexico,157837,2001
546,,1945660,1464154,481506,4891644,North Dakota,269420,2001
547,,3946599,3830407,116192,14310728,Oklahoma,437654,2001
548,,494113,484755,9358,3675967,Vermont,65962,2001
549,,1010591,333133,677458,2492411,Wyoming,55664,2001
550,,23572890,572738,23000152,7706655,Arizona,1303562,2001
551,,16333816,14539531,1794285,145759347,California,2805865,2001
552,,73829522,5935158,67894364,23769300,Delaware,4497878,2001
553,,5804,4282,1522,242706,District of Columbia,513,2001
554,,191393,148460,42933,876401,Idaho,29838,2001
555,,5499632,3885248,1614384,44147087,Minnesota,740838,2001
556,,1334327,1246770,87557,4729199,Montana,195165,2001
557,,16047112,619385,15427727,7812217,Nevada,454190,2001
558,,400739,255149,145590,12276457,Oregon,232867,2001
559,,7001151,6547586,453565,46518209,Tennessee,1478111,2001
560,,6222822,4800760,1422062,16521870,Other Areas,874940,2001
561,,781019,596725,184294,11610916,Washington,171875,2001
562,,1850176,1777084,73092,7276377,West Virginia,301950,2001
563,,412092,398941,13151,1738555,Alaska,96788,2001
564,,2691822,2325955,365867,11522868,Arkansas,371117,2001
565,,23449066,20477536,2971530,107888565,Illinois,3942925,2001
566,,4399949,4084476,315473,15637855,Louisiana,324958,2001
567,,7086766,6601657,485109,64697976,Michigan,2099013,2001
568,,3386481,2935591,450890,20195931,New Jersey,303456,2001
569,,8939650,8367311,572339,54300672,Pennsylvania,1334466,2001
570,,18813091,7019228,11793863,41531156,Rhode Island,1941309,2001
571,,2139021,1951199,187822,11998954,South Carolina,223393,2001
572,,472698,410867,61831,1635649,Alaska,38796,2000
573,,27213,19346,7867,373333,District of Columbia,5367,2000
574,,174181,152341,21840,746608,Idaho,22324,2000
575,,8933336,8425424,507912,51047160,Michigan,1454010,2000
576,,5331925,4750570,581355,25965823,Missouri,608114,2000
577,,1107282,1034983,72299,3511162,Montana,126025,2000
578,,94278735,70475715,23803020,160892243,New York,8039247,2000
579,,3965055,3853447,111608,13120714,Oklahoma,433009,2000
580,,7678804,7227232,451572,36248997,Tennessee,1111498,2000
581,,18104327,17654825,449502,45246123,Texas,1334331,2000
582,,3848666,3207176,641490,32615076,Wisconsin,689005,2000
583,,2699649,2522681,176968,27466394,Florida,387743,2000
584,,14362788,12993090,1369698,89547312,Illinois,2916159,2000
585,,3410274,2547929,862345,12184913,Kansas,310314,2000
586,,427872,391543,36329,3401694,Maine,79530,2000
587,,2213881,2134708,79173,14548585,Massachusetts,221904,2000
588,,13899798,906056,12993742,2710128,New Hampshire,1221893,2000
589,,4439887,3893556,546331,31058726,New Jersey,597100,2000
590,,54287506,46033345,8254161,296537390,North Carolina,8320838,2000
591,,2183225,1409614,773611,4827605,North Dakota,282307,2000
592,,71716540,5552091,66164449,15309698,Delaware,3464991,2000
593,,25962270,13630833,12331437,54537286,Georgia,1786614,2000
594,,6725003,5559738,1165265,35210397,Indiana,1242208,2000
595,,12429745,11744538,685207,65084572,Pennsylvania,1574491,2000
596,,15703612,4945214,10758398,30272265,Rhode Island,1698806,2000
597,,696682,549853,146829,9906036,Washington,147929,2000
598,,2204164,2146336,57828,7447505,West Virginia,287066,2000
599,,1230918,473458,757460,2625334,Wyoming,54802,2000
600,,18823174,1617264,17205910,12094037,Arizona,1082041,2000
601,,4035286,2742634,1292652,16932970,Colorado,403757,2000
602,,115686,110352,5334,1184368,Connecticut,28713,2000
603,,1703208,1159546,543662,9039993,Hawaii,173851,2000
604,,2784677,2257104,527573,15040687,Iowa,363384,2000
605,,4202334,4063302,139032,20535598,Kentucky,616156,2000
606,,13654721,6295597,7359124,61813202,Minnesota,1613611,2000
607,,22440555,615751,21824804,6977590,Nevada,846575,2000
608,,14564030,13270878,1293152,77154541,Alabama,1777512,2000
609,,2615176,2272424,342752,10292586,Arkansas,346091,2000
610,,14184953,12801990,1382963,108826911,California,1842583,2000
611,,6529918,6242056,287862,17706898,Louisiana,397443,2000
612,,3838276,3673343,164933,18175680,Maryland,404972,2000
613,,3778915,3590218,188697,13324372,Mississippi,505119,2000
614,,4014664,2391428,1623236,8097343,Nebraska,380578,2000
615,,1074748,983581,91167,5024095,New Mexico,173158,2000
616,,41060468,34806052,6254416,118350729,Ohio,4594484,2000
617,,527857,298815,229042,12641629,Oregon,110410,2000
618,,2182415,1994776,187639,11136498,South Carolina,173111,2000
619,,21016451,4767310,16249141,3105098,South Dakota,955685,2000
620,,6468098,5095216,1372882,13682688,Other Areas,732390,2000
621,,21673065,5469146,16203919,14848518,Utah,1351304,2000
622,,632363,577221,55142,3697251,Vermont,71161,2000
623,,16257427,5526945,10730482,19561671,Virginia,1347096,2000
624,,1694392,1154913,539479,8297832,Hawaii,168283,1999
625,,6489694,5908814,580880,23498965,Indiana,695441,1999
626,,7304688,6630469,674219,30082453,Missouri,739305,1999
627,,50624420,40671488,9952932,284842066,North Carolina,6974672,1999
628,,17699541,3926505,13773036,2702013,South Dakota,964630,1999
629,,8933008,8192110,740898,35023447,Tennessee,1129883,1999
630,,19168475,18649006,519469,41074937,Texas,1403435,1999
631,,20687793,6566934,14120859,9304688,Utah,871526,1999
632,,16348550,8755596,7592954,27401327,Virginia,1153453,1999
633,,16230521,14694899,1535622,71974830,Alabama,1646936,1999
634,,12489257,1867825,10621432,9241830,Arizona,819582,1999
635,,2713208,2390438,322770,10072888,Arkansas,270183,1999
636,,3110276,2324900,785376,13756638,Colorado,282010,1999
637,,116879,110729,6150,1294229,Connecticut,25683,1999
638,,143874,124056,19818,576438,Idaho,18174,1999
639,,3299930,2462951,836979,10623295,Kansas,242782,1999
640,,3898324,3685120,213204,17326167,Maryland,435881,1999
641,,3713667,3537945,175722,10986294,Mississippi,374857,1999
642,,17695799,270321,17425478,6129934,Nevada,694129,1999
643,,11608923,1989398,9619525,3468050,New Hampshire,819228,1999
644,,77619815,60078490,17541325,142364157,New York,6178568,1999
645,,38710051,32116708,6593343,94561776,Ohio,3726284,1999
646,,14955858,14115308,840550,69355848,Pennsylvania,1905721,1999
647,,14398563,12625207,1773356,99838043,California,1601555,1999
648,,5506743,5280280,226463,36267743,Florida,482231,1999
649,,9201131,8263173,937958,45252128,Michigan,1100037,1999
650,,1100286,1035705,64581,3219768,Montana,116646,1999
651,,3707604,3607825,99779,11740237,Oklahoma,352813,1999
652,,524323,283211,241112,3254568,Oregon,55258,1999
653,,12204732,1939282,10265450,18088567,Rhode Island,947991,1999
654,,827720,602793,224927,1847835,Wyoming,44897,1999
655,,13087254,4950343,8136911,25397961,Georgia,960600,1999
656,,6423637,5223659,1199978,21000038,Massachusetts,787713,1999
657,,12959807,7039741,5920066,52823734,Minnesota,1278076,1999
658,,4998196,4354528,643668,35417607,New Jersey,552161,1999
659,,1464461,852077,612384,2803001,North Dakota,197196,1999
660,,2066530,1885865,180665,9504244,South Carolina,128496,1999
661,,6128317,4868940,1259377,11797401,Other Areas,702556,1999
662,,573310,441923,131387,6394326,Washington,72572,1999
663,,2830402,2729149,101253,9883869,West Virginia,314101,1999
664,,447769,377187,70582,1580469,Alaska,33754,1999
665,,65374603,5518308,59856295,14076433,Delaware,2981835,1999
666,,38393,29669,8724,300420,District of Columbia,3792,1999
667,,15356738,13421182,1935556,77874761,Illinois,2558894,1999
668,,3024890,2562416,462474,14766519,Iowa,327031,1999
669,,4627620,4488439,139181,20021823,Kentucky,522693,1999
670,,6001000,5709347,291653,16094554,Louisiana,379135,1999
671,,251495,228454,23041,2185361,Maine,43625,1999
672,,4330068,2511392,1818676,7041761,Nebraska,357961,1999
673,,1457911,1372200,85711,4723157,New Mexico,134326,1999
674,,654750,563405,91345,3482736,Vermont,67709,1999
675,,3670541,3358439,312102,29699622,Wisconsin,624854,1999
676,,14340883,2102990,12237893,8232341,Arizona,1350943,1998
677,,3626232,2337152,1289080,10704034,Colorado,403451,1998
678,,12796453,4419995,8376458,21635292,Georgia,903027,1998
679,,6286688,998188,5288500,4064391,New Hampshire,373586,1998
680,,3499361,3400880,98481,9454984,Oklahoma,380741,1998
681,,1889307,1614000,275307,8167583,South Carolina,144250,1998
682,,15932588,2814323,13118265,2487521,South Dakota,723977,1998
683,,19602546,19010259,592287,37135773,Texas,1667143,1998
684,,14185957,8236875,5949082,27363469,Virginia,981482,1998
685,,12507213,11251220,1255993,58883222,Alabama,1758995,1998
686,,407779,338750,69029,1481246,Alaska,43417,1998
687,,38074,28108,9966,371216,District of Columbia,5543,1998
688,,9521606,7266633,2254973,26551166,Indiana,1190173,1998
689,,3178792,2701246,477546,14162550,Iowa,427235,1998
690,,317280,291606,25674,2058399,Maine,47842,1998
691,,5814749,4944294,870455,20905354,Massachusetts,753487,1998
692,,1297285,1206603,90682,4347630,New Mexico,187891,1998
693,,380002,267555,112447,2639524,Oregon,54776,1998
694,,13352813,1884700,11468113,21093468,Rhode Island,916229,1998
695,,6199929,5154577,1045352,10126949,Other Areas,743338,1998
696,,827203,603051,224152,3657592,Wyoming,61180,1998
697,,27307914,23571646,3736268,128032365,California,2814930,1998
698,,77520873,4377556,73143317,14384254,Delaware,3629682,1998
699,,1762586,1232633,529953,8617106,Hawaii,222364,1998
700,,3110226,2275441,834785,9552499,Kansas,313424,1998
701,,5106880,4873612,233268,19069813,Kentucky,612656,1998
702,,5418700,5145870,272830,14633170,Louisiana,544092,1998
703,,14605221,216128,14389093,4931840,Nevada,620396,1998
704,,4350379,3783302,567077,31337404,New Jersey,611781,1998
705,,48547964,37293070,11254894,176838663,North Carolina,5301727,1998
706,,15543361,3562944,11980417,9057442,Utah,585340,1998
707,,4877627,4139272,738355,29552595,Wisconsin,881127,1998
708,,153011,142398,10613,2590363,Connecticut,65407,1998
709,,112722,97832,14890,421604,Idaho,16448,1998
710,,3501585,3272577,229008,16562296,Maryland,462374,1998
711,,73409099,56287557,17121542,130398925,New York,6158133,1998
712,,1467252,839411,627841,2347568,North Dakota,138608,1998
713,,18688224,14667381,4020843,66655865,Pennsylvania,2256945,1998
714,,545770,451347,94423,3400084,Vermont,66287,1998
715,,2567795,2273069,294726,8912730,Arkansas,296325,1998
716,,5626676,4339688,1286988,32365946,Florida,576315,1998
717,,16441184,14405471,2035713,68626746,Illinois,2776896,1998
718,,9358382,8325730,1032652,40349113,Michigan,1041862,1998
719,,15809836,10077756,5732080,52039421,Minnesota,1451174,1998
720,,3444526,3266098,178428,9258026,Mississippi,338572,1998
721,,5881382,5215842,665540,28432001,Missouri,864708,1998
722,,1121307,1058127,63180,3021021,Montana,144841,1998
723,,4155236,2091410,2063826,6261559,Nebraska,340643,1998
724,,40865378,31335960,9529418,79330970,Ohio,3485442,1998
725,,10370735,9432980,937755,37120216,Tennessee,1241952,1998
726,,518769,402222,116547,5498229,Washington,79116,1998
727,,2851586,2733332,118254,10465410,West Virginia,336224,1998
728,,2879226,2119419,759807,8873192,Kansas,278731,1997
729,,321423,294146,27277,2032880,Maine,60771,1997
730,,6178368,4537977,1640391,19895927,Massachusetts,729202,1997
731,,4561853,4338506,223347,11696860,Mississippi,423628,1997
732,,24287012,19142653,5144359,85094294,Pennsylvania,2899206,1997
733,,7885074,2065692,5819382,20687776,Rhode Island,794797,1997
734,,17498119,2024912,15473207,2409792,South Dakota,852249,1997
735,,23500177,22257631,1242546,43226426,Texas,1941517,1997
736,,15166954,3104900,12062054,7137073,Utah,570304,1997
737,,568569,456232,112337,5136970,Washington,82394,1997
738,,3815484,478051,3337433,3460633,New Hampshire,209239,1997
739,,61333923,48922122,12411801,118849355,New York,6097121,1997
740,,513057,418741,94316,3364720,Vermont,83007,1997
741,,10556375,9134077,1422298,43689608,Alabama,1098293,1997
742,,83805545,3401324,80404221,12158512,Delaware,3968851,1997
743,,1698918,1129277,569641,8137608,Hawaii,240602,1997
744,,5764973,5416702,348271,18894722,Kentucky,602938,1997
745,,408499,338259,70240,1312027,Alaska,51067,1997
746,,3170809,2840426,330383,10186555,Arkansas,328300,1997
747,,3342959,2515338,827621,10363637,Colorado,338728,1997
748,,30697,19816,10881,330590,District of Columbia,5890,1997
749,,97925,85953,11972,337288,Idaho,16102,1997
750,,15849193,13059316,2789877,67762945,Illinois,2669024,1997
751,,6579653,5563936,1015717,13472362,Louisiana,471056,1997
752,,14846509,9514286,5332223,41476800,Minnesota,1605725,1997
753,,1149355,1001364,147991,2789219,Montana,132556,1997
754,,1188204,1112302,75902,3474219,New Mexico,135441,1997
755,,894158,806525,87633,1885820,North Dakota,113031,1997
756,,39847649,27717019,12130630,66506243,Ohio,3182007,1997
757,,422284,278272,144012,2365768,Oregon,56028,1997
758,,2924034,2722034,202000,9208419,West Virginia,351395,1997
759,,5393845,4255034,1138811,26773358,Wisconsin,800553,1997
760,,882853,659845,223008,3643542,Wyoming,62076,1997
761,,2853753,2650455,203298,14063963,Maryland,360257,1997
762,,13813846,12111869,1701977,39807657,Michigan,1193730,1997
763,,3760312,3123013,637299,25902761,New Jersey,451241,1997
764,,34200776,22143687,12057089,124720568,North Carolina,3482307,1997
765,,8934978,7576954,1358024,28166047,Tennessee,993768,1997
766,,14376552,8422965,5953587,27625686,Virginia,1106027,1997
767,,150290,140928,9362,2413254,Connecticut,73807,1997
768,,9354763,8149299,1205464,22226602,Indiana,794868,1997
769,,3225745,2742918,482827,13426225,Iowa,387947,1997
770,,5770743,5108650,662093,23931179,Missouri,690073,1997
771,,4027186,2066167,1961019,5653458,Nebraska,323088,1997
772,,14297321,264310,14033011,5251182,Nevada,651500,1997
773,,3832905,3346484,486421,8885078,Oklahoma,429266,1997
774,,1880133,1593937,286196,7563140,South Carolina,146518,1997
775,,6383299,5414153,969146,8452385,Other Areas,661402,1997
776,,15779348,2522513,13256835,7871466,Arizona,922414,1997
777,,27929566,23497364,4432202,134078305,California,3075704,1997
778,,15509121,12815271,2693850,46310022,Florida,1231837,1997
779,,11589751,4809854,6779897,22001373,Georgia,1037759,1997
780,,7307692,6204552,1103140,23575125,Alabama,615419,1996
781,,3695355,3386665,308690,10119412,Arkansas,358436,1996
782,,2878599,2189702,688897,7131282,Kansas,263012,1996
783,,3659311,3438483,220828,14872879,Maryland,416150,1996
784,,7111248,5509985,1601263,19669463,Minnesota,659359,1996
785,,1104038,941872,162166,2562009,Montana,166189,1996
786,,66090855,50926923,15163932,116679219,New York,6091980,1996
787,,742743,657391,85352,1785256,North Dakota,106501,1996
788,,20211925,18883129,1328796,78557918,Pennsylvania,2829232,1996
789,,499148,403599,95549,2922353,Vermont,72404,1996
790,,16586390,10246302,6340088,29039139,Virginia,1350657,1996
791,,5749312,3302377,2446935,11421068,Colorado,383823,1996
792,,79442063,2604148,76837915,10071147,Delaware,3902161,1996
793,,70009,56585,13424,861290,District of Columbia,10963,1996
794,,3947959,2901195,1046764,12190958,Iowa,360780,1996
795,,6741725,6280798,460927,18872112,Kentucky,668984,1996
796,,7472255,6264866,1207389,12889581,Louisiana,533895,1996
797,,8131500,7053739,1077761,28861394,Missouri,807322,1996
798,,4704360,2298404,2405956,5665983,Nebraska,383086,1996
799,,2150445,1427659,722786,4527747,New Mexico,175884,1996
800,,661690,398480,263210,1724031,Rhode Island,59192,1996
801,,15139048,3434643,11704405,6535844,Utah,544508,1996
802,,5488040,4791850,696190,16406100,Washington,435348,1996
803,,3225311,3007284,218027,9358771,West Virginia,357269,1996
804,,1026152,800325,225827,3742890,Wyoming,76654,1996
805,,642369,568222,74147,1594732,Alaska,84760,1996
806,,18634446,2370632,16263814,10055376,Arizona,944687,1996
807,,430865,417487,13378,6617050,Connecticut,147645,1996
808,,954074,877778,76296,1801348,Idaho,99462,1996
809,,14563359,12286300,2277059,33505260,Michigan,1190681,1996
810,,3581222,451366,3129856,3469075,New Hampshire,242459,1996
811,,4320124,3791777,528347,25561359,New Jersey,699197,1996
812,,3914308,3764524,149784,9288850,Oklahoma,413862,1996
813,,2700268,1313122,1387146,5941356,Oregon,235065,1996
814,,15777557,2173426,13604131,2405988,South Dakota,850679,1996
815,,20519370,19111638,1407732,39606545,Texas,2040292,1996
816,,5670095,4623750,1046345,23249900,Wisconsin,724662,1996
817,,21118549,15247278,5871271,67967574,Florida,1721531,1996
818,,24603016,9409603,15193413,41624220,Georgia,1859998,1996
819,,1560921,993453,567468,7535281,Hawaii,234499,1996
820,,10097677,8777790,1319887,22307101,Indiana,784125,1996
821,,8337469,7313800,1023669,28734938,Massachusetts,1246577,1996
822,,3908726,3727595,181131,8983631,Mississippi,340536,1996
823,,18813004,349341,18463663,5350591,Nevada,913307,1996
824,,36863280,22626387,14236893,46591332,Ohio,2499448,1996
825,,2513293,2196098,317195,10296883,South Carolina,198020,1996
826,,6182638,5306310,876328,8057023,Other Areas,622292,1996
827,,26154979,22149856,4005123,125850391,California,3591371,1996
828,,17266577,13475482,3791095,56628828,Illinois,2396348,1996
829,,1288366,1242382,45984,3048857,Maine,107493,1996
830,,12288630,10575703,1712927,65850132,North Carolina,1220071,1996
831,,9559080,8074168,1484912,27051688,Tennessee,1141093,1996
832,,21867723,9967794,11899929,35109797,Georgia,1421680,1995
833,,18165175,13225471,4939704,51713051,Illinois,2090297,1995
834,,11007978,9248342,1759636,22453425,Indiana,792794,1995
835,,6529390,5777807,751583,24580175,Massachusetts,826687,1995
836,,3784383,3598885,185498,8126261,Mississippi,327701,1995
837,,4590172,2450787,2139385,5214493,Nebraska,294693,1995
838,,4220639,2768863,1451776,9258753,Oregon,201606,1995
839,,8813104,7545892,1267212,22412680,Tennessee,627205,1995
840,,5219609,4453900,765709,7611248,Other Areas,464175,1995
841,,4449605,2222942,2226663,5189102,Utah,235224,1995
842,,5673903,4901416,772487,20838363,Wisconsin,571054,1995
843,,16972382,15632323,1340059,59444441,Pennsylvania,2180937,1995
844,,19583057,17891040,1692017,52349498,Texas,1623608,1995
845,,506059,404023,102036,2914466,Vermont,71484,1995
846,,8458513,5876977,2581536,16681863,Washington,376005,1995
847,,3158533,2975975,182558,8297401,West Virginia,316572,1995
848,,3648638,3330555,318083,9286006,Arkansas,292669,1995
849,,19997049,16055124,3941925,119748340,California,3154829,1995
850,,5035393,2987044,2048349,11036913,Iowa,377894,1995
851,,14199455,548350,13651105,3781318,Nevada,638032,1995
852,,5697052,5291933,405119,32862200,New Jersey,1139900,1995
853,,601885,526428,75457,1445548,Alaska,56484,1995
854,,17034304,3648854,13385450,10347035,Arizona,801130,1995
855,,5100482,2896364,2204118,10296507,Colorado,290668,1995
856,,176152,131694,44458,2852286,District of Columbia,58951,1995
857,,1432163,902432,529731,7458423,Hawaii,208313,1995
858,,2810924,2321780,489144,3036259,Idaho,165844,1995
859,,3140769,2409898,730871,7594682,Kansas,262187,1995
860,,6974229,6585303,388926,17424961,Kentucky,578249,1995
861,,7480738,6405814,1074924,26236899,Missouri,665706,1995
862,,2750353,331829,2418524,3372100,New Hampshire,181270,1995
863,,2076708,1478393,598315,4293708,New Mexico,150758,1995
864,,723568,666080,57488,1622830,North Dakota,77208,1995
865,,2441746,2126543,315203,9418112,South Carolina,217513,1995
866,,6656758,5690075,966683,20075031,Alabama,528367,1995
867,,1060507,995863,64644,10225747,Connecticut,330185,1995
868,,7134640,5589322,1545318,11306317,Louisiana,419999,1995
869,,5062033,4354853,707180,26160030,Maryland,1072325,1995
870,,14255348,12008642,2246706,31574510,Michigan,1094458,1995
871,,6375278,4961449,1413829,19035546,Minnesota,499029,1995
872,,1175289,984098,191191,2209174,Montana,110606,1995
873,,13982973,12388495,1594478,49326608,North Carolina,1001928,1995
874,,3827804,3647215,180589,8459712,Oklahoma,341827,1995
875,,16429011,3023262,13405749,2174455,South Dakota,748933,1995
876,,78166055,1635534,76530521,4875434,Delaware,2916751,1995
877,,15706165,12565578,3140587,64781629,Florida,1481532,1995
878,,1263198,1218232,44966,3307059,Maine,103738,1995
879,,71882972,51222697,20660275,116641436,New York,6228976,1995
880,,33902828,20966181,12936647,42236582,Ohio,2026801,1995
881,,880074,618384,261690,5668630,Rhode Island,132292,1995
882,,14742689,9069223,5673466,24094432,Virginia,1062853,1995
883,,1034387,806358,228029,3654217,Wyoming,58773,1995
884,,21056414,14128672,6927742,120877319,California,3402918,1994
885,,16400607,13251377,3149230,48241165,Illinois,1633362,1994
886,,5303902,3115461,2188441,10102298,Iowa,296699,1994
887,,7113982,6073290,1040692,22460796,Missouri,511695,1994
888,,2132658,1538072,594586,3908166,New Mexico,127042,1994
889,,7574372,6498748,1075624,34881210,North Carolina,665348,1994
890,,30737718,20214108,10523610,39390878,Ohio,1328926,1994
891,,3593582,3385224,208358,7506080,Oklahoma,288608,1994
892,,3552934,3164859,388075,11965303,South Carolina,212707,1994
893,,505037,401539,103498,2978971,Vermont,73477,1994
894,,8131695,5650902,2480793,15653232,Washington,324128,1994
895,,3107716,2939022,168694,7256078,West Virginia,258155,1994
896,,828041,788517,39524,2249058,Wyoming,42621,1994
897,,194076,131496,62580,2950661,District of Columbia,46410,1994
898,,5551988,4754443,797545,9956127,Louisiana,343780,1994
899,,8255482,7004907,1250575,29254193,Maryland,1245756,1994
900,,5415020,4678881,736139,24346276,Massachusetts,690394,1994
901,,1156689,939679,217010,1934131,Montana,87349,1994
902,,5700674,5272654,428020,28652519,New Jersey,883256,1994
903,,66974332,46801816,20172516,107698303,New York,6320772,1994
904,,1518526,1456910,61616,11768905,Connecticut,317731,1994
905,,63388532,1371936,62016596,4237415,Delaware,2010409,1994
906,,4313929,2223056,2090873,4670414,Nebraska,208215,1994
907,,11905751,520851,11384900,3154402,Nevada,514877,1994
908,,2097196,278289,1818907,2641503,New Hampshire,124443,1994
909,,760286,650596,109690,1949492,North Dakota,62078,1994
910,,13130346,2580471,10549875,1983460,South Dakota,585508,1994
911,,3526590,2260841,1265749,4695270,Utah,133801,1994
912,,6343226,5463945,879281,18108868,Alabama,414630,1994
913,,509389,437270,72119,1298660,Alaska,45726,1994
914,,3260467,3010522,249945,8288614,Arkansas,213086,1994
915,,1348205,858498,489707,8579789,Hawaii,200168,1994
916,,10475949,8800754,1675195,21410646,Indiana,638765,1994
917,,3070408,2409723,660685,7225089,Kansas,225452,1994
918,,6730099,6387258,342841,16766481,Kentucky,467762,1994
919,,1223452,1130037,93415,3298366,Maine,92688,1994
920,,5520658,4117489,1403169,16478466,Minnesota,408588,1994
921,,3526273,3344309,181964,7313992,Mississippi,247800,1994
922,,4457791,2723140,1734651,8570543,Oregon,154006,1994
923,,16399859,14516648,1883211,55152503,Pennsylvania,1742568,1994
924,,18454265,17111848,1342417,42610063,Texas,1225278,1994
925,,4541860,3890530,651330,7254213,Other Areas,426452,1994
926,,12502499,4036228,8466271,9582284,Arizona,408837,1994
927,,4703710,2849691,1854019,9473592,Colorado,236297,1994
928,,20563558,15069994,5493564,64082997,Florida,1450574,1994
929,,16605791,8280781,8325010,26738103,Georgia,925023,1994
930,,2781022,2344082,436940,2929973,Idaho,122428,1994
931,,14253221,11693145,2560076,29636818,Michigan,789120,1994
932,,737366,499446,237920,3602154,Rhode Island,117275,1994
933,,7645082,6567480,1077602,19561505,Tennessee,468384,1994
934,,13048752,7743886,5304866,22924545,Virginia,634509,1994
935,,6073399,4985071,1088328,19452093,Wisconsin,482278,1994
936,,1567155,1361075,206080,10897310,Connecticut,400438,1993
937,,1300392,860316,440076,8045107,Hawaii,201336,1993
938,,4586248,3901534,684714,8501793,Louisiana,297559,1993
939,,12127140,9930129,2197011,28908549,Michigan,822385,1993
940,,6120209,5341396,778813,33974725,New Jersey,1712034,1993
941,,9145669,1978987,7166682,1772227,South Dakota,959258,1993
942,,16672630,15535638,1136992,38012773,Texas,1157598,1993
943,,583713,551331,32382,1138250,Wyoming,34882,1993
944,,3806031,2734040,1071991,8160659,Colorado,228967,1993
945,,2405268,2007180,398088,2535043,Idaho,80412,1993
946,,14947088,12172618,2774470,44656325,Illinois,1851752,1993
947,,1102537,822186,280351,1680751,Montana,82099,1993
948,,56732756,41188324,15544432,104895742,New York,6557516,1993
949,,3094512,2948983,145529,6636904,Oklahoma,237166,1993
950,,6635881,5804295,831586,17660147,Tennessee,484975,1993
951,,476283,367608,108675,2945987,Vermont,83576,1993
952,,10783926,6799356,3984570,21041610,Virginia,638513,1993
953,,7267311,4969518,2297793,13528619,Washington,373817,1993
954,,5873471,4656436,1217035,17456007,Wisconsin,435071,1993
955,,24404337,12812818,11591519,114996990,California,4096172,1993
956,,17465877,13787461,3678416,56688568,Florida,1184101,1993
957,,13910648,7652455,6258193,24827632,Georgia,921223,1993
958,,5363748,4057163,1306585,16395344,Maryland,581396,1993
959,,5742070,4849844,892226,19695823,Missouri,504801,1993
960,,3838274,1957091,1881183,5037065,Nebraska,197501,1993
961,,1893157,250849,1642308,2487934,New Hampshire,115086,1993
962,,28358523,18475054,9883469,35540889,Ohio,1403358,1993
963,,2644037,2494298,149739,6589777,West Virginia,227014,1993
964,,5818483,4966174,852309,15997587,Alabama,389196,1993
965,,406012,347146,58866,1328255,Alaska,41835,1993
966,,7152469,4070255,3082214,8170728,Arizona,305250,1993
967,,53658480,1358399,52300081,4537487,Delaware,1925634,1993
968,,4395720,2831333,1564387,9291117,Iowa,261717,1993
969,,4545458,3645374,900084,23495759,Massachusetts,897174,1993
970,,6758077,526400,6231677,2526093,Nevada,393234,1993
971,,4043072,2355546,1687526,7967504,Oregon,185548,1993
972,,15434596,13735269,1699327,55028784,Pennsylvania,1973352,1993
973,,2680688,2125039,555649,5373907,Other Areas,315496,1993
974,,2782020,2546963,235057,7540580,Arkansas,193716,1993
975,,320729,178756,141973,3647678,District of Columbia,112717,1993
976,,9282540,8110369,1172171,19312381,Indiana,680238,1993
977,,2661613,2228423,433190,6787280,Kansas,213119,1993
978,,5852550,5575471,277079,14640514,Kentucky,432178,1993
979,,1254293,1066798,187495,3044818,Maine,102369,1993
980,,5455001,3914452,1540549,18472919,Minnesota,449030,1993
981,,3144388,2969007,175381,6869158,Mississippi,260851,1993
982,,1324910,1160200,164710,3584225,New Mexico,116065,1993
983,,6783937,5775383,1008554,30457040,North Carolina,532126,1993
984,,677264,566003,111261,1751357,North Dakota,58239,1993
985,,736809,435004,301805,4297832,Rhode Island,183219,1993
986,,3168928,2848730,320198,10017890,South Carolina,210459,1993
987,,2784251,2010086,774165,4115866,Utah,109403,1993
988,,344815,293275,51540,946151,Alaska,36263,1992
989,,2467720,2255966,211754,6535099,Arkansas,198120,1992
990,,1276481,1109992,166489,11793919,Connecticut,567417,1992
991,,15682202,13175269,2506933,52992931,Florida,1255973,1992
992,,2492754,2122447,370307,6505253,Kansas,260444,1992
993,,11153091,8933491,2219600,28469504,Michigan,1000260,1992
994,,6041272,5104862,936410,26403361,North Carolina,546013,1992
995,,6420413,5638371,782042,13956200,Tennessee,516045,1992
996,,5105901,3914680,1191221,16155592,Wisconsin,463258,1992
997,,542559,515169,27390,962334,Wyoming,44737,1992
998,,3879655,3077248,802407,23683696,Massachusetts,1097504,1992
999,,3633784,1759695,1874089,3959512,Nebraska,208468,1992
1000,,1263864,1061122,202742,3581092,New Mexico,131020,1992
1001,,52975441,40157082,12818359,104334850,New York,8396581,1992
1002,,25255724,16626908,8628816,31904316,Ohio,1561211,1992
1003,,2858651,2751732,106919,5946281,Oklahoma,222673,1992
1004,,3502177,1878612,1623565,7217952,Oregon,276306,1992
1005,,2742569,2432462,310107,9032030,South Carolina,246754,1992
1006,,15041933,13913032,1128901,31959861,Texas,1209486,1992
1007,,2740329,2154367,585962,4048301,Other Areas,328900,1992
1008,,2752848,1828656,924192,3351102,Utah,117311,1992
1009,,455695,359425,96270,2776569,Vermont,98708,1992
1010,,3932822,2353380,1579442,5778706,Colorado,217876,1992
1011,,375060,222862,152198,3379597,District of Columbia,195013,1992
1012,,1335517,902405,433112,7511527,Hawaii,228360,1992
1013,,1961655,1655436,306219,2110545,Idaho,104123,1992
1014,,3311682,2479279,832403,8553318,Iowa,254183,1992
1015,,13174078,11190259,1983819,42414388,Illinois,1931840,1992
1016,,5399542,5134742,264800,13352698,Kentucky,413199,1992
1017,,4131878,3473695,658183,7979780,Louisiana,333988,1992
1018,,1132777,976140,156637,3141125,Maine,191628,1992
1019,,5236065,4529532,706533,19173628,Missouri,672620,1992
1020,,6662498,4431873,2230625,12904676,Washington,681546,1992
1021,,5586097,4705559,880538,13431595,Alabama,372669,1992
1022,,29413826,14984494,14429332,120122071,California,5932529,1992
1023,,47384203,1374163,46010040,4896351,Delaware,1985227,1992
1024,,11449946,6515577,4934369,20519970,Georgia,933479,1992
1025,,4529746,3694646,835100,17418459,Minnesota,554373,1992
1026,,2794505,2628841,165664,5805942,Mississippi,282924,1992
1027,,5937372,5078444,858928,33926265,New Jersey,2193402,1992
1028,,654041,394424,259617,3997150,Rhode Island,287113,1992
1029,,5873925,1761711,4112214,1478159,South Dakota,919301,1992
1030,,2585338,2426813,158525,6053528,West Virginia,235607,1992
1031,,7018051,4594712,2423339,16494406,Maryland,770534,1992
1032,,1101167,775601,325566,1300413,Montana,94129,1992
1033,,4315770,606753,3709017,2573339,Nevada,345669,1992
1034,,1802443,244923,1557520,2564502,New Hampshire,136289,1992
1035,,609878,495822,114056,1427916,North Dakota,63705,1992
1036,,15171283,13514568,1656715,48246009,Pennsylvania,2444728,1992
1037,,9628099,6582834,3045265,20320272,Virginia,830504,1992
1038,,6117458,3384700,2732758,7105379,Arizona,489122,1992
1039,,8566901,7224936,1341965,17897011,Indiana,737784,1992
1040,,1436475,1001747,434728,6918413,Hawaii,147394,1991
1041,,1768879,1511101,257778,2035041,Idaho,99664,1991
1042,,3073891,2506586,567305,7180896,Iowa,275703,1991
1043,,2495556,2116645,378911,6247613,Kansas,307110,1991
1044,,4040396,3387218,653178,8076877,Louisiana,482960,1991
1045,,10861242,8743338,2117904,27124660,Michigan,1059666,1991
1046,,1249573,1046645,202928,3647381,New Mexico,168403,1991
1047,,2600203,2498171,102032,5382847,Oklahoma,252080,1991
1048,,3155857,2458763,697094,8584714,South Carolina,367330,1991
1049,,495170,409422,85748,2975034,Vermont,181254,1991
1050,,2608929,2444115,164814,5615924,West Virginia,305450,1991
1051,,4904541,3699065,1205476,14941888,Wisconsin,647869,1991
1052,,5267744,4541958,725786,11553540,Alabama,446909,1991
1053,,46766706,1530628,45236078,4975772,Delaware,2307211,1991
1054,,529177,355282,173895,4407998,District of Columbia,449010,1991
1055,,8683397,7352074,1331323,16982384,Indiana,879083,1991
1056,,5275011,5017972,257039,12345183,Kentucky,607596,1991
1057,,1138933,994276,144657,3417043,Maine,241254,1991
1058,,6303377,677565,5625812,2602664,Nevada,379923,1991
1059,,1981279,314895,1666384,2789603,New Hampshire,260523,1991
1060,,3571370,2086765,1484605,6633031,Oregon,342660,1991
1061,,6268542,5506365,762177,12770071,Tennessee,636622,1991
1062,,14260944,13064114,1196830,27796862,Texas,1596375,1991
1063,,3056287,1849461,1206826,3191801,Utah,239919,1991
1064,,309486,259551,49935,876675,Alaska,70604,1991
1065,,5520319,3051627,2468692,7288099,Arizona,514027,1991
1066,,16895408,14246454,2648954,51639401,Florida,1805662,1991
1067,,2848147,2670455,177692,5319984,Mississippi,363725,1991
1068,,7867469,6348362,1519107,32415339,New Jersey,2539487,1991
1069,,50079298,39912086,10167212,109539081,New York,8604841,1991
1070,,6122919,5080833,1042086,24945316,North Carolina,801187,1991
1071,,581703,487245,94458,1340562,North Dakota,89755,1991
1072,,15697839,13956721,1741118,44120488,Pennsylvania,2662381,1991
1073,,6655009,1525754,5129255,1300446,South Dakota,973912,1991
1074,,6446601,4426159,2020442,12856121,Washington,637745,1991
1075,,1607914,1343042,264872,13240166,Connecticut,845091,1991
1076,,13348665,11281860,2066805,40942818,Illinois,2261658,1991
1077,,5237131,4549662,687469,19041688,Missouri,792434,1991
1078,,1107247,765850,341397,1232480,Montana,104679,1991
1079,,676076,412267,263809,4692833,Rhode Island,411722,1991
1080,,2858529,2295436,563093,3296100,Other Areas,429832,1991
1081,,11073455,7126312,3947143,20623657,Virginia,1286341,1991
1082,,2241850,2081777,160073,5938426,Arkansas,276771,1991
1083,,32322861,16849912,15472949,130071080,California,7554637,1991
1084,,3516389,2230821,1285568,5564845,Colorado,305487,1991
1085,,10303695,6375240,3928455,19328877,Georgia,1175678,1991
1086,,9439070,4843328,4595742,17749111,Maryland,1392319,1991
1087,,4188603,3486495,702108,22969583,Massachusetts,1258530,1991
1088,,4777388,3838851,938537,12773564,Minnesota,767695,1991
1089,,3255162,1602384,1652778,3378002,Nebraska,209768,1991
1090,,24554983,16091800,8463183,29721100,Ohio,2100792,1991
1091,,528448,503571,24877,869890,Wyoming,50142,1991
1092,,9996019,1193859,8802160,1170886,South Dakota,1178673,1990
1093,,4175518,3493933,681585,3894089,Other Areas,644359,1990
1094,,582447,491519,90928,2970431,Vermont,167344,1990
1095,,482471,461717,20754,736357,Wyoming,61086,1990
1096,,289638,237806,51832,768593,Alaska,63908,1990
1097,,18591114,15918353,2672761,52113267,Florida,2570139,1990
1098,,867588,827741,39847,1124739,Montana,105837,1990
1099,,5784646,839650,4944996,2687036,Nevada,410502,1990
1100,,3713383,2441193,1272190,5882420,Colorado,398599,1990
1101,,2118734,1784536,334198,13801978,Connecticut,1070371,1990
1102,,45895918,1440196,44455722,4833134,Delaware,2293719,1990
1103,,723163,576045,147118,5549458,District of Columbia,651792,1990
1104,,13823378,11921205,1902173,38517734,Illinois,2188104,1990
1105,,8596008,7529407,1066601,15481566,Indiana,953901,1990
1106,,3107054,2621431,485623,6440604,Iowa,277028,1990
1107,,9305732,5453136,3852596,17732037,Maryland,1677342,1990
1108,,5187327,4210475,976852,27308542,Massachusetts,2033649,1990
1109,,5597078,4942991,654087,18227726,Missouri,760539,1990
1110,,8839706,7706580,1133126,31599122,New Jersey,2750585,1990
1111,,6402898,5388951,1013947,22912772,North Carolina,979609,1990
1112,,5390761,4706609,684152,10301949,Alabama,501633,1990
1113,,4698457,3497492,1200965,6613078,Arizona,487936,1990
1114,,2083149,1950491,132658,5532690,Arkansas,283307,1990
1115,,10838862,6726480,4112382,17890523,Georgia,1263594,1990
1116,,2644922,2274184,370738,6031111,Kansas,288270,1990
1117,,5630374,5309174,321200,10818093,Kentucky,622063,1990
1118,,5349858,4133618,1216240,11420236,Minnesota,850572,1990
1119,,2985657,2821500,164157,5015191,Mississippi,384938,1990
1120,,21777651,16283467,5494184,27050052,Ohio,1887168,1990
1121,,18290550,16089858,2200692,41708979,Pennsylvania,2867587,1990
1122,,10936072,7811378,3124694,20257052,Virginia,1722495,1990
1123,,870459,619867,250592,3506733,Rhode Island,477584,1990
1124,,3993602,2621584,1372018,8223798,South Carolina,399154,1990
1125,,6783867,5925344,858523,12196957,Tennessee,791039,1990
1126,,2840858,1790756,1050102,3319684,Utah,239125,1990
1127,,4596325,3692483,903842,14402935,Wisconsin,589410,1990
1128,,34001126,19319711,14681415,130761135,California,7354752,1990
1129,,1567583,1151258,416325,5935958,Hawaii,124178,1990
1130,,2181510,619040,1562470,3741589,New Hampshire,419161,1990
1131,,1315859,1111282,204577,2995557,New Mexico,193495,1990
1132,,530595,487470,43125,1278382,North Dakota,101044,1990
1133,,1634699,1405797,228902,1554695,Idaho,90716,1990
1134,,4475033,3577783,897250,8627120,Louisiana,598169,1990
1135,,1016403,882656,133747,3250459,Maine,245080,1990
1136,,10720309,8722764,1997545,23992714,Michigan,1194653,1990
1137,,2661401,1496506,1164895,3129166,Nebraska,194678,1990
1138,,50423652,40983994,9439658,110595039,New York,9743947,1990
1139,,2455387,2366352,89035,5035958,Oklahoma,277089,1990
1140,,3391745,2243085,1148660,5536668,Oregon,303776,1990
1141,,14489312,12970104,1519208,27640984,Texas,1985880,1990
1142,,6208373,4337308,1871065,12699998,Washington,622339,1990
1143,,2636030,2497274,138756,4968362,West Virginia,335261,1990
1144,,8371626,7294536,1077090,14072556,Indiana,729219,1989
1145,,1143580,963171,180409,3283009,Maine,222459,1989
1146,,8397381,5507268,2890113,16540042,Maryland,842646,1989
1147,,861214,791856,69358,994907,Montana,95099,1989
1148,,2589772,937608,1652164,3833462,New Hampshire,382494,1989
1149,,7063570,5802437,1261133,20892675,North Carolina,641354,1989
1150,,3700456,2696851,1003605,6686803,South Carolina,243320,1989
1151,,985978,823215,162763,6335843,District of Columbia,375901,1989
1152,,1546609,1176027,370582,4609522,Hawaii,118141,1989
1153,,3167684,2578612,589072,5637627,Iowa,269078,1989
1154,,2542932,1393020,1149912,2594501,Nebraska,168170,1989
1155,,570262,482313,87949,1184278,North Dakota,88301,1989
1156,,3268870,2253822,1015048,4596136,Oregon,243912,1989
1157,,17014102,15549938,1464164,35846799,Pennsylvania,2047478,1989
1158,,9294833,970092,8324741,2044063,Nevada,424869,1989
1159,,2291768,2221096,70672,5027864,Oklahoma,277876,1989
1160,,11612901,1112356,10500545,1057696,South Dakota,1752679,1989
1161,,2332679,1544475,788204,3070988,Utah,212747,1989
1162,,6232039,4121580,2110459,11435170,Washington,531237,1989
1163,,2555053,2427047,128006,4602419,West Virginia,331349,1989
1164,,43764670,1936761,41827909,4965696,Delaware,1775959,1989
1165,,19709060,16440964,3268096,47889485,Florida,2136319,1989
1166,,1461916,1246056,215860,1385379,Idaho,78599,1989
1167,,13276693,11790314,1486379,34275747,Illinois,1473250,1989
1168,,2528759,2210146,318613,5388896,Kansas,231343,1989
1169,,10082141,8530653,1551488,21789932,Michigan,993148,1989
1170,,2943983,2781852,162131,4822717,Mississippi,335107,1989
1171,,5469463,4858815,610648,16764206,Missouri,672928,1989
1172,,5054061,4457171,596890,9306619,Alabama,436226,1989
1173,,6970223,5130156,1840067,31278958,Massachusetts,1833746,1989
1174,,5726644,4566965,1159679,9921902,Minnesota,732707,1989
1175,,9479265,8320202,1159063,30947735,New Jersey,2035509,1989
1176,,1288692,1088701,199991,2879628,New Mexico,225426,1989
1177,,47230761,39477122,7753639,103854070,New York,7752028,1989
1178,,6749790,5808980,940810,12093238,Tennessee,655041,1989
1179,,3337023,2851828,485195,2394328,Other Areas,476659,1989
1180,,11809161,8049869,3759292,19305849,Virginia,1221574,1989
1181,,4387018,3431588,955430,13051205,Wisconsin,494566,1989
1182,,397930,380487,17443,637143,Wyoming,53829,1989
1183,,267243,215030,52213,647453,Alaska,41147,1989
1184,,4681801,3466373,1215428,7484183,Arizona,746698,1989
1185,,1938304,1815927,122377,4952591,Arkansas,250334,1989
1186,,33304903,19516684,13788219,104818442,California,5481268,1989
1187,,3586281,2263692,1322589,5932971,Colorado,381205,1989
1188,,3252078,2443913,808165,15283577,Connecticut,1133191,1989
1189,,10087116,6858725,3228391,15785767,Georgia,1049658,1989
1190,,5524610,5161997,362613,9832146,Kentucky,540371,1989
1191,,4339021,3594889,744132,8456347,Louisiana,647969,1989
1192,,21017282,15900184,5117098,24144532,Ohio,1580619,1989
1193,,1238758,807520,431238,4278839,Rhode Island,446282,1989
1194,,14158966,13185329,973637,29938789,Texas,2489633,1989
1195,,587889,499007,88882,2823620,Vermont,134024,1989
1196,,32180807,19710438,12470369,81956634,California,5024093,1988
1197,,1027214,879314,147900,5493470,District of Columbia,255912,1988
1198,,3958143,3334778,623365,8029922,Louisiana,700931,1988
1199,,10552768,8102986,2449782,19113497,Michigan,791534,1988
1200,,2130495,1269578,860917,2346163,Nebraska,134282,1988
1201,,9079639,7948145,1131494,28915354,New Jersey,1510719,1988
1202,,13360245,13007736,352509,33939319,Texas,2663104,1988
1203,,3419940,2970521,449419,1851454,Other Areas,441506,1988
1204,,3925969,3051700,874269,11742578,Wisconsin,450974,1988
1205,,3100314,1962604,1137710,5729213,Colorado,406454,1988
1206,,1409019,1085496,323523,4025107,Hawaii,85995,1988
1207,,1323673,1130189,193484,1236491,Idaho,75915,1988
1208,,12890966,11216385,1674581,29720622,Illinois,1463086,1988
1209,,2982251,2837779,144472,4353386,Mississippi,329161,1988
1210,,1195247,995287,199960,2649034,New Mexico,217861,1988
1211,,6384705,5532893,851812,10980255,Tennessee,562115,1988
1212,,571000,488998,82002,2517061,Vermont,95021,1988
1213,,2554536,2432031,122505,4255781,West Virginia,313447,1988
1214,,1915829,1709181,206648,4582175,Arkansas,241578,1988
1215,,2349949,2080067,269882,5024181,Kansas,205320,1988
1216,,5196911,4947334,249577,8515967,Kentucky,487742,1988
1217,,7725882,5628900,2096982,30840380,Massachusetts,1450129,1988
1218,,5352996,4838061,514935,15345777,Missouri,633724,1988
1219,,46236773,38350810,7885963,89811925,New York,6947529,1988
1220,,6817370,5585404,1231966,18081245,North Carolina,618858,1988
1221,,19716137,15454305,4261832,21795935,Ohio,1313384,1988
1222,,2750081,1994269,755812,3885496,Oregon,203242,1988
1223,,15986720,14649736,1336984,30671035,Pennsylvania,1739037,1988
1224,,1946105,1314147,631958,2902636,Utah,205920,1988
1225,,11737228,8302779,3434449,16831214,Virginia,837995,1988
1226,,5607862,3526049,2081813,9091710,Washington,535372,1988
1227,,350857,335638,15219,594233,Wyoming,56410,1988
1228,,4653346,4122415,530931,8276569,Alabama,406179,1988
1229,,4197498,3101275,1096223,8755756,Arizona,722702,1988
1230,,4185814,3370460,815354,13960743,Connecticut,746163,1988
1231,,34794777,1882503,32912274,3785637,Delaware,1386162,1988
1232,,18097734,15210384,2887350,40396854,Florida,1674211,1988
1233,,7396403,5329997,2066406,14849340,Maryland,530538,1988
1234,,2706667,958279,1748388,3757390,New Hampshire,248168,1988
1235,,552285,489162,63123,1059429,North Dakota,81462,1988
1236,,2123537,2047927,75610,5029665,Oklahoma,307357,1988
1237,,227092,174208,52884,1043006,Alaska,113250,1988
1238,,9167849,6629605,2538244,14064599,Georgia,906020,1988
1239,,8082669,6923901,1158768,12840098,Indiana,537664,1988
1240,,3001938,2347627,654311,5102461,Iowa,256970,1988
1241,,1182625,1027334,155291,2939714,Maine,145124,1988
1242,,5399700,4476052,923648,9260589,Minnesota,592788,1988
1243,,763834,713278,50556,929986,Montana,117602,1988
1244,,6818461,842888,5975573,1664157,Nevada,192859,1988
1245,,1216980,805949,411031,4161224,Rhode Island,221713,1988
1246,,3399135,2606314,792821,5474884,South Carolina,206716,1988
1247,,14262846,999634,13263212,966880,South Dakota,1229993,1988
